{"Pump 1": [18.30000000000001, 18.30000000000001, 56], "Pump 2": [22, 10, 58], "Pump 3": [9.999999999999993, 50.99999999999999, 12], "Pump 4": [22.19999999999999, 22.19999999999999, 36], "Pump 5": [16, 16, 16], "Pump 6": [29.525000000000002, 29.525000000000002, 26], "Pump 7": [30.824999999999992, 30.824999999999992, 27]}